arquivo,camada,fonte,data_criacao,data_modificacao,quantidade_linhas,quantidade_colunas,hash_sha256,arquivo_origem,status_validacao,versao_pipeline
data/raw/demografia/ibge_areas_territoriais_2024_20260728T130707-0300.xls,raw,IBGE,2026-07-28T16:07:07.935612+00:00,2026-07-28T16:07:07.935612+00:00,,,61ffd18b4b1ad39e675bc5ebcfdcd874e2467083038216f138ec4248761dbdb0,,inventariado_hash_calculado,0.1.0
data/raw/demografia/ibge_areas_territoriais_2024_20260728T130724-0300.xls,raw,IBGE,2026-07-28T16:07:25.588095+00:00,2026-07-28T16:07:25.589067+00:00,,,61ffd18b4b1ad39e675bc5ebcfdcd874e2467083038216f138ec4248761dbdb0,,inventariado_hash_calculado,0.1.0
data/raw/demografia/ibge_municipios_rj_20260728T123936-0300.json,raw,IBGE,2026-07-28T15:39:37.733029+00:00,2026-07-28T15:39:37.734031+00:00,,,9259126c654f7825fe7228a8070bb1775b4a5f6f283ea2b33738c588c6991c12,,inventariado_hash_calculado,0.1.0
data/raw/demografia/ripsa_form_populacao_20260728T125939-0300.html,raw,RIPSA/SES-RJ,2026-07-28T15:59:39.807878+00:00,2026-07-28T15:59:39.808570+00:00,,,fce837c1cb844c31120014d5da542f8be4b052bf232560dfb8b5524fa46d6412,,inventariado_hash_calculado,0.1.0
data/raw/demografia/ripsa_form_populacao_20260728T130007-0300.html,raw,RIPSA/SES-RJ,2026-07-28T16:00:07.931835+00:00,2026-07-28T16:00:07.931835+00:00,,,fce837c1cb844c31120014d5da542f8be4b052bf232560dfb8b5524fa46d6412,,inventariado_hash_calculado,0.1.0
data/raw/demografia/ripsa_form_populacao_20260728T131749-0300.html,raw,RIPSA/SES-RJ,2026-07-28T16:17:50.647615+00:00,2026-07-28T16:17:50.647615+00:00,,,fce837c1cb844c31120014d5da542f8be4b052bf232560dfb8b5524fa46d6412,,inventariado_hash_calculado,0.1.0
data/raw/demografia/ripsa_populacao_2020_2024_20260728T131749-0300.html,raw,RIPSA/SES-RJ,2026-07-28T16:17:55.071263+00:00,2026-07-28T16:17:55.071263+00:00,,,7518e6caaf20977c4f6532be8b9e5f430d17b52c7300a27ca2ee5f2b880bc1c2,,inventariado_hash_calculado,0.1.0
data/raw/demografia/ripsa_populacao_2020_20260728T125939-0300.csv,raw,RIPSA/SES-RJ,2026-07-28T15:59:40.881527+00:00,2026-07-28T15:59:40.881527+00:00,93,1,fbc60d5c16b51b346b5787f3a8840ba9fe009c992c8c8da8d246e8d4ce40d9e0,,inventariado_hash_calculado,0.1.0
data/raw/demografia/ripsa_populacao_2020_20260728T130007-0300.csv,raw,RIPSA/SES-RJ,2026-07-28T16:00:08.976394+00:00,2026-07-28T16:00:08.977393+00:00,93,1,fbc60d5c16b51b346b5787f3a8840ba9fe009c992c8c8da8d246e8d4ce40d9e0,,inventariado_hash_calculado,0.1.0
data/raw/demografia/ripsa_populacao_2021_20260728T130007-0300.csv,raw,RIPSA/SES-RJ,2026-07-28T16:00:10.331983+00:00,2026-07-28T16:00:10.331983+00:00,93,1,6da1d9a5d381f781915bcfcf080812048ee484bb2244b89ff542e9a9522e5b46,,inventariado_hash_calculado,0.1.0
data/raw/demografia/ripsa_populacao_2022_20260728T130007-0300.csv,raw,RIPSA/SES-RJ,2026-07-28T16:00:11.518421+00:00,2026-07-28T16:00:11.519928+00:00,93,1,81d98e13856f5d899cd0bc3cc2af7a14e31699018402e47b95610a834745882c,,inventariado_hash_calculado,0.1.0
data/raw/demografia/ripsa_populacao_2023_20260728T130007-0300.csv,raw,RIPSA/SES-RJ,2026-07-28T16:00:12.644460+00:00,2026-07-28T16:00:12.644460+00:00,93,1,5527b36fac20c4198d26feda873418d6d3a5375e42a32252faf85fe38152f547,,inventariado_hash_calculado,0.1.0
data/raw/demografia/ripsa_populacao_2024_20260728T130007-0300.csv,raw,RIPSA/SES-RJ,2026-07-28T16:00:13.750280+00:00,2026-07-28T16:00:13.750280+00:00,93,1,43d48353af5455c191fdf644f384ae4c3b5cda5d24b7407e88baa46776f925b1,,inventariado_hash_calculado,0.1.0
data/raw/dengue/sinan/DENGBR20.csv.zip,raw,SINAN/DATASUS,2026-07-29T12:51:59.853843+00:00,2026-07-29T12:52:19.169992+00:00,,,2ed5ba9fd7fe6617fb18eaf17a72f95bc67403dfb6bf50ca46c8ceb2ca356851,,inventariado_hash_calculado,0.1.0
data/raw/dengue/sinan/DENGBR20.csv.zip.metadata.json,raw,SINAN/DATASUS,2026-07-29T12:52:20.146920+00:00,2026-07-29T12:52:20.146920+00:00,,,78f8c3b3e10c66143ff0388f269538d7cd4d100b56f36ce19c832ccbc5e23342,,inventariado_hash_calculado,0.1.0
data/raw/dengue/sinan/DENGBR21.csv.zip,raw,SINAN/DATASUS,2026-07-29T12:56:11.128951+00:00,2026-07-29T12:56:22.945898+00:00,,,d7c8a5b3358fd59125b9d51fa838b164aa937f2dce7600ad78dbd76629f3369c,,inventariado_hash_calculado,0.1.0
data/raw/dengue/sinan/DENGBR21.csv.zip.metadata.json,raw,SINAN/DATASUS,2026-07-29T12:56:23.662816+00:00,2026-07-29T12:56:23.662816+00:00,,,5f9259fd4d9a6335b41730c17e2f0a9fa8b0f036e8c4edcf421cf6c6f02cba3f,,inventariado_hash_calculado,0.1.0
data/raw/dengue/sinan/DENGBR22.csv.zip,raw,SINAN/DATASUS,2026-07-29T12:56:24.321439+00:00,2026-07-29T12:56:41.881770+00:00,,,31966b27b5aed1e5ce724dd7b9cacbef536f9fd0e49b3a2b2cfa7305bbdb33b5,,inventariado_hash_calculado,0.1.0
data/raw/dengue/sinan/DENGBR22.csv.zip.metadata.json,raw,SINAN/DATASUS,2026-07-29T12:56:42.758040+00:00,2026-07-29T12:56:42.758040+00:00,,,0d8948f7e2362afc82cb3f6ac43336e69f94c14ab997f73fffb19dc30e0e8fdb,,inventariado_hash_calculado,0.1.0
data/raw/dengue/sinan/DENGBR23.csv.zip,raw,SINAN/DATASUS,2026-07-29T12:56:43.359284+00:00,2026-07-29T12:56:58.683209+00:00,,,9a376a7be58b3c0e84bfac82474515f407fd7f135eae19660515428e6ccc0b9c,,inventariado_hash_calculado,0.1.0
data/raw/dengue/sinan/DENGBR23.csv.zip.metadata.json,raw,SINAN/DATASUS,2026-07-29T12:56:59.611669+00:00,2026-07-29T12:56:59.611669+00:00,,,d7c8f4cc63c92c903c51b30fa805490c9438f55ba7c637790ccb5e7b4d28a04b,,inventariado_hash_calculado,0.1.0
data/raw/dengue/sinan/DENGBR24.csv.zip,raw,SINAN/DATASUS,2026-07-29T12:57:00.334107+00:00,2026-07-29T12:58:22.237322+00:00,,,1b6b7bf7f6b1fdab4ed2314edc2f57919c33b8103988383f22b7d4776c4a931a,,inventariado_hash_calculado,0.1.0
data/raw/dengue/sinan/DENGBR24.csv.zip.metadata.json,raw,SINAN/DATASUS,2026-07-29T12:58:26.644699+00:00,2026-07-29T12:58:26.644699+00:00,,,eda5a1b1491b90d26fbd8dcf421e7de60ee55e903296191cce9dca561f489b3b,,inventariado_hash_calculado,0.1.0
data/raw/liraa/LIRAa_2020.zip,raw,LIRAa/SES-RJ,2026-07-29T13:52:12.202177+00:00,2026-07-29T13:52:12.202177+00:00,,,3731083e8a6946ec576d3a5e05c52b138d9b9263d4877ad8e9ebffede51a9e31,,inventariado_hash_calculado,0.1.0
data/raw/liraa/LIRAa_2020.zip.metadata.json,raw,LIRAa/SES-RJ,2026-07-29T13:52:12.221069+00:00,2026-07-29T13:52:12.221069+00:00,,,9906f7992a1f70ff83c0e8c9ecef9b71a83866d7383502b5ba33669c7521ece6,,inventariado_hash_calculado,0.1.0
data/raw/liraa/LIRAa_2021.zip,raw,LIRAa/SES-RJ,2026-07-29T13:52:12.812588+00:00,2026-07-29T13:52:12.814789+00:00,,,389a997667a47b5948da0fa6342b7fb585ae7271d54d44040cbbd7e5a4a4931f,,inventariado_hash_calculado,0.1.0
data/raw/liraa/LIRAa_2021.zip.metadata.json,raw,LIRAa/SES-RJ,2026-07-29T13:52:12.826395+00:00,2026-07-29T13:52:12.826395+00:00,,,59626e2444c5224206fd860830f8b1cc66113134fe3cd29a2b8a9cf968c5a597,,inventariado_hash_calculado,0.1.0
data/raw/liraa/LIRAa_2022.zip,raw,LIRAa/SES-RJ,2026-07-29T13:52:13.433678+00:00,2026-07-29T13:52:13.433678+00:00,,,54b15fdecccdb2e022489a65bf5e51bf75b7269804cb712c74c8a498fcd71b42,,inventariado_hash_calculado,0.1.0
data/raw/liraa/LIRAa_2022.zip.metadata.json,raw,LIRAa/SES-RJ,2026-07-29T13:52:13.444974+00:00,2026-07-29T13:52:13.445975+00:00,,,2d315ed3a0c948fc02553e27ae02b96d2f5cf842c024272cda8449e2646b93f7,,inventariado_hash_calculado,0.1.0
data/raw/liraa/LIRAa_2023.zip,raw,LIRAa/SES-RJ,2026-07-29T13:52:14.066586+00:00,2026-07-29T13:52:14.066586+00:00,,,b7f83b55a35f58fc440df5fafa6762c82f5c01d3a529bdac9b5dbfc9a2f759ed,,inventariado_hash_calculado,0.1.0
data/raw/liraa/LIRAa_2023.zip.metadata.json,raw,LIRAa/SES-RJ,2026-07-29T13:52:14.081074+00:00,2026-07-29T13:52:14.081074+00:00,,,d74900774ff09f1294acbb231b1364af1bed16f26d966ba6d3db3708c181ff4a,,inventariado_hash_calculado,0.1.0
data/raw/liraa/LIRAa_2024.zip,raw,LIRAa/SES-RJ,2026-07-29T13:52:14.663494+00:00,2026-07-29T13:52:14.663494+00:00,,,efe1829ce74790c4461349ee6d635a273b0d8877c857bcbfa240e929b520f785,,inventariado_hash_calculado,0.1.0
data/raw/liraa/LIRAa_2024.zip.metadata.json,raw,LIRAa/SES-RJ,2026-07-29T13:52:14.680368+00:00,2026-07-29T13:52:14.680368+00:00,,,03eaff582243b4583f47dfc0a10c0d273e11f71d15135874930cad683b4b86ac,,inventariado_hash_calculado,0.1.0
data/raw/saneamento/glossarios/sinisa_agua_indicadores_ref2023_20260728T161529-0300.pdf,raw,SINISA/Ministério das Cidades,2026-07-28T19:15:31.920656+00:00,2026-07-28T19:15:31.921656+00:00,,,747f2d7a5b550fb6dc8f5c50892398b912a9c502c4b712776c35441f421f977d,,inventariado_hash_calculado,0.1.0
data/raw/saneamento/glossarios/sinisa_esgoto_indicadores_ref2023_20260728T161529-0300.pdf,raw,SINISA/Ministério das Cidades,2026-07-28T19:15:32.276845+00:00,2026-07-28T19:15:32.276845+00:00,,,2e0fa499e243d8c4a703b987986db4fbe6ac3384f382512a49fd00b5f55e4863,,inventariado_hash_calculado,0.1.0
data/raw/saneamento/glossarios/snis_agua_esgoto_indicadores_2022_20260728T161529-0300.pdf,raw,SNIS/Ministério das Cidades,2026-07-28T19:15:30.984377+00:00,2026-07-28T19:15:30.984377+00:00,,,81522be5702d00af6ca1d993c9b86687de5ba2788e7233b2bb00cc67d24c3504,,inventariado_hash_calculado,0.1.0
data/raw/saneamento/sinisa/sinisa_abastecimento_agua_ref2023_20260728T133023-0300.zip,raw,SINISA/Ministério das Cidades,2026-07-28T16:30:48.299321+00:00,2026-07-28T16:30:48.318349+00:00,,,7849e4a7a2679fb76cc253b7c69e39c9bd86f1e9a67f974ee47a2389585607bf,,inventariado_hash_calculado,0.1.0
data/raw/saneamento/sinisa/sinisa_aguas_pluviais_ref2023_20260728T133023-0300.rar,raw,SINISA/Ministério das Cidades,2026-07-28T16:31:23.387353+00:00,2026-07-28T16:31:23.390353+00:00,,,94b3d15564ca8cc6ff3a9b0e63186dac5b6312899fb6af7fcebe8f4e90f371b6,,inventariado_hash_calculado,0.1.0
data/raw/saneamento/sinisa/sinisa_esgotamento_sanitario_ref2023_20260728T133023-0300.zip,raw,SINISA/Ministério das Cidades,2026-07-28T16:30:56.940669+00:00,2026-07-28T16:30:56.944667+00:00,,,2ae2b09d8bc892ec1013ae91e5352deb9ee80611499b91bcc6309f6fc0d8b1e6,,inventariado_hash_calculado,0.1.0
data/raw/saneamento/sinisa/sinisa_gestao_municipal_ref2023_20260728T132931-0300.xlsx,raw,SINISA/Ministério das Cidades,2026-07-28T16:29:39.249485+00:00,2026-07-28T16:29:39.251485+00:00,,,b08c6fc8fd1f2c3853da21ee7d62a35bcb4df3028f819b9aba59d4b2d63b7457,,inventariado_hash_calculado,0.1.0
data/raw/saneamento/sinisa/sinisa_gestao_municipal_ref2023_20260728T133023-0300.xlsx,raw,SINISA/Ministério das Cidades,2026-07-28T16:30:28.857563+00:00,2026-07-28T16:30:28.859563+00:00,,,b08c6fc8fd1f2c3853da21ee7d62a35bcb4df3028f819b9aba59d4b2d63b7457,,inventariado_hash_calculado,0.1.0
data/raw/saneamento/sinisa/sinisa_residuos_solidos_ref2023_20260728T133023-0300.rar,raw,SINISA/Ministério das Cidades,2026-07-28T16:31:16.361871+00:00,2026-07-28T16:31:16.366868+00:00,,,70fa4250b3e107d821175781428d5ef9b3c5c3ca0f47d1adccf3886cf1bc57be,,inventariado_hash_calculado,0.1.0
data/raw/saneamento/sinisa/sinisa_resultados_20260728T132931-0300.html,raw,SINISA/Ministério das Cidades,2026-07-28T16:29:32.255284+00:00,2026-07-28T16:29:32.256292+00:00,,,cd3b831e60f944218b7bb4fd934f6e3cc0a33044d3c553a83c53c931ccd782e2,,inventariado_hash_calculado,0.1.0
data/raw/saneamento/sinisa/sinisa_resultados_20260728T133023-0300.html,raw,SINISA/Ministério das Cidades,2026-07-28T16:30:24.383473+00:00,2026-07-28T16:30:24.383473+00:00,,,cd3b831e60f944218b7bb4fd934f6e3cc0a33044d3c553a83c53c931ccd782e2,,inventariado_hash_calculado,0.1.0
data/raw/saneamento/sinisa_referencias/de_para_sinisa_snis_acertar_20260728T160430-0300.pdf,raw,SINISA/Ministério das Cidades,2026-07-28T19:04:31.034186+00:00,2026-07-28T19:04:31.034186+00:00,,,2cadeb153b3b2771518c2b07effa73bf39962b2af0d25e370a449626d0d4c7fb,,inventariado_hash_calculado,0.1.0
data/raw/saneamento/snis_aguas_pluviais/snis_aguas_pluviais_2020_20260728T154929-0300.zip,raw,SNIS/Ministério das Cidades,2026-07-28T18:49:33.556753+00:00,2026-07-28T18:49:33.557785+00:00,,,b791e307385ae030e44928b99a4bb785de8ad1c6d3d19c3315740c9a1b89596c,,inventariado_hash_calculado,0.1.0
data/raw/saneamento/snis_aguas_pluviais/snis_aguas_pluviais_2020_20260728T155144-0300.zip,raw,SNIS/Ministério das Cidades,2026-07-28T18:51:48.131786+00:00,2026-07-28T18:51:48.133808+00:00,,,b791e307385ae030e44928b99a4bb785de8ad1c6d3d19c3315740c9a1b89596c,,inventariado_hash_calculado,0.1.0
data/raw/saneamento/snis_aguas_pluviais/snis_aguas_pluviais_2021_20260728T154929-0300.zip,raw,SNIS/Ministério das Cidades,2026-07-28T18:49:36.645565+00:00,2026-07-28T18:49:36.648081+00:00,,,1b274e4d10934fb57a67551679b28912555fbf7b6328b6a560a46bc5bbdce038,,inventariado_hash_calculado,0.1.0
data/raw/saneamento/snis_aguas_pluviais/snis_aguas_pluviais_2021_20260728T155144-0300.zip,raw,SNIS/Ministério das Cidades,2026-07-28T18:51:51.069520+00:00,2026-07-28T18:51:51.070529+00:00,,,1b274e4d10934fb57a67551679b28912555fbf7b6328b6a560a46bc5bbdce038,,inventariado_hash_calculado,0.1.0
data/raw/saneamento/snis_aguas_pluviais/snis_aguas_pluviais_2022_20260728T154929-0300.zip,raw,SNIS/Ministério das Cidades,2026-07-28T18:49:39.998820+00:00,2026-07-28T18:49:40.000816+00:00,,,f163ccc09c6f3c41c8fd5d23088341677b9acdcbd388f362bee28b94b317bf24,,inventariado_hash_calculado,0.1.0
data/raw/saneamento/snis_aguas_pluviais/snis_aguas_pluviais_2022_20260728T155144-0300.zip,raw,SNIS/Ministério das Cidades,2026-07-28T18:51:54.389652+00:00,2026-07-28T18:51:54.391654+00:00,,,f163ccc09c6f3c41c8fd5d23088341677b9acdcbd388f362bee28b94b317bf24,,inventariado_hash_calculado,0.1.0
data/raw/saneamento/snis_residuos_solidos/snis_residuos_solidos_2020_20260728T154220-0300.zip,raw,SNIS/Ministério das Cidades,2026-07-28T18:42:31.313792+00:00,2026-07-28T18:42:31.317793+00:00,,,1e932b98a2e3e458fe08d2fdc4c0f82b25f5f2d662ffaea56073300799735acc,,inventariado_hash_calculado,0.1.0
data/raw/saneamento/snis_residuos_solidos/snis_residuos_solidos_2020_20260728T154427-0300.zip,raw,SNIS/Ministério das Cidades,2026-07-28T18:44:36.514848+00:00,2026-07-28T18:44:36.517878+00:00,,,1e932b98a2e3e458fe08d2fdc4c0f82b25f5f2d662ffaea56073300799735acc,,inventariado_hash_calculado,0.1.0
data/raw/saneamento/snis_residuos_solidos/snis_residuos_solidos_2020_20260728T154550-0300.zip,raw,SNIS/Ministério das Cidades,2026-07-28T18:45:58.718675+00:00,2026-07-28T18:45:58.722759+00:00,,,1e932b98a2e3e458fe08d2fdc4c0f82b25f5f2d662ffaea56073300799735acc,,inventariado_hash_calculado,0.1.0
data/raw/saneamento/snis_residuos_solidos/snis_residuos_solidos_2021_20260728T154220-0300.zip,raw,SNIS/Ministério das Cidades,2026-07-28T18:42:38.842203+00:00,2026-07-28T18:42:38.845202+00:00,,,069610e93afb8e755cd8741bd899912cef06928b26271831178cd87f5cece7c8,,inventariado_hash_calculado,0.1.0
data/raw/saneamento/snis_residuos_solidos/snis_residuos_solidos_2021_20260728T154427-0300.zip,raw,SNIS/Ministério das Cidades,2026-07-28T18:44:46.269101+00:00,2026-07-28T18:44:46.273106+00:00,,,069610e93afb8e755cd8741bd899912cef06928b26271831178cd87f5cece7c8,,inventariado_hash_calculado,0.1.0
data/raw/saneamento/snis_residuos_solidos/snis_residuos_solidos_2021_20260728T154550-0300.zip,raw,SNIS/Ministério das Cidades,2026-07-28T18:46:06.609031+00:00,2026-07-28T18:46:06.613070+00:00,,,069610e93afb8e755cd8741bd899912cef06928b26271831178cd87f5cece7c8,,inventariado_hash_calculado,0.1.0
data/raw/saneamento/snis_residuos_solidos/snis_residuos_solidos_2022_20260728T154220-0300.zip,raw,SNIS/Ministério das Cidades,2026-07-28T18:42:50.051952+00:00,2026-07-28T18:42:50.055958+00:00,,,55414d20d7d3cae00e564934bc6c57080675036512c377ac6fd942e080e99cd1,,inventariado_hash_calculado,0.1.0
data/raw/saneamento/snis_residuos_solidos/snis_residuos_solidos_2022_20260728T154427-0300.zip,raw,SNIS/Ministério das Cidades,2026-07-28T18:44:55.359986+00:00,2026-07-28T18:44:55.364021+00:00,,,55414d20d7d3cae00e564934bc6c57080675036512c377ac6fd942e080e99cd1,,inventariado_hash_calculado,0.1.0
data/raw/saneamento/snis_residuos_solidos/snis_residuos_solidos_2022_20260728T154550-0300.zip,raw,SNIS/Ministério das Cidades,2026-07-28T18:46:15.696615+00:00,2026-07-28T18:46:15.699645+00:00,,,55414d20d7d3cae00e564934bc6c57080675036512c377ac6fd942e080e99cd1,,inventariado_hash_calculado,0.1.0
data/raw/saneamento/snis_serie_historica/snis_ae_rj_2020_2022_p01_20260728T152252-0300.json,raw,SNIS/Ministério das Cidades,2026-07-28T18:22:54.512916+00:00,2026-07-28T18:22:54.515461+00:00,,,fd4d627a20a660aa5ba10ff50664b148ab686d8b545ac7ec420477fc90f343da,,inventariado_hash_calculado,0.1.0
data/raw/saneamento/snis_serie_historica/snis_ae_rj_2020_2022_p02_20260728T152252-0300.json,raw,SNIS/Ministério das Cidades,2026-07-28T18:22:54.637807+00:00,2026-07-28T18:22:54.637807+00:00,,,9b1c9b639406e57b1ec525b922e6186e5a84e9fd0819caa3dbc9696bf3700665,,inventariado_hash_calculado,0.1.0
data/raw/saneamento/snis_serie_historica/snis_ae_rj_2020_2022_p03_20260728T152252-0300.json,raw,SNIS/Ministério das Cidades,2026-07-28T18:22:54.747785+00:00,2026-07-28T18:22:54.747785+00:00,,,5be8869053689a1f98ab071ca9f980fd56a210448796246a7372475c4a4cbba3,,inventariado_hash_calculado,0.1.0
data/raw/saneamento/snis_serie_historica/snis_ae_rj_2020_2022_p04_20260728T152252-0300.json,raw,SNIS/Ministério das Cidades,2026-07-28T18:22:54.856807+00:00,2026-07-28T18:22:54.856807+00:00,,,4b9449ce46804f532d3e381eaac4cfdee702e5a859c20978591522428fd7b56c,,inventariado_hash_calculado,0.1.0
data/raw/saneamento/snis_serie_historica/snis_ae_rj_2020_2022_p05_20260728T152252-0300.json,raw,SNIS/Ministério das Cidades,2026-07-28T18:22:54.965444+00:00,2026-07-28T18:22:54.966443+00:00,,,bd78be1be6baef360567d6041f9ad7010e64258d47d6ef70465d250b47ae565a,,inventariado_hash_calculado,0.1.0
data/raw/saneamento/snis_serie_historica/snis_ae_rj_2020_2022_p06_20260728T152252-0300.json,raw,SNIS/Ministério das Cidades,2026-07-28T18:22:55.072976+00:00,2026-07-28T18:22:55.073981+00:00,,,4882fa220c346628208319fb9f0ff0df110ca287413c011a028e895d96cfcf85,,inventariado_hash_calculado,0.1.0
data/raw/saneamento/snis_serie_historica/snis_ae_rj_2020_2022_p07_20260728T152252-0300.json,raw,SNIS/Ministério das Cidades,2026-07-28T18:22:55.186267+00:00,2026-07-28T18:22:55.187267+00:00,,,6d59276f4a3af7e6aa0f2d5e50f258739282fdf84e6f2a541f1731022c762316,,inventariado_hash_calculado,0.1.0
data/raw/saneamento/snis_serie_historica/snis_ae_rj_2020_2022_p08_20260728T152252-0300.json,raw,SNIS/Ministério das Cidades,2026-07-28T18:22:55.302698+00:00,2026-07-28T18:22:55.302698+00:00,,,df9695bc6622fade95da58011b544b524de8b37b75eeeb2febee1a1ec230a5ba,,inventariado_hash_calculado,0.1.0
data/raw/saneamento/snis_serie_historica/snis_ae_rj_2020_2022_p09_20260728T152252-0300.json,raw,SNIS/Ministério das Cidades,2026-07-28T18:22:55.420542+00:00,2026-07-28T18:22:55.421540+00:00,,,7ecc9bb73bfc9c6e163a95a17fac069ae19a299c6a8c0fe20b60e7bc5a2924b4,,inventariado_hash_calculado,0.1.0
data/raw/saneamento/snis_serie_historica/snis_ae_rj_2020_2022_p10_20260728T152252-0300.json,raw,SNIS/Ministério das Cidades,2026-07-28T18:22:55.559941+00:00,2026-07-28T18:22:55.560942+00:00,,,32b75a6928bd280d0aaab21ec435a1758eeb07899cd4b20afd163eebd1c7e9cd,,inventariado_hash_calculado,0.1.0
data/raw/saneamento/snis_serie_historica/snis_ae_rj_2020_2022_p11_20260728T152252-0300.json,raw,SNIS/Ministério das Cidades,2026-07-28T18:22:55.677408+00:00,2026-07-28T18:22:55.677408+00:00,,,f10bd9aa5fa143d2df56257607ad55e3ee7a52981e34add93607b2603b54994f,,inventariado_hash_calculado,0.1.0
data/raw/saneamento/snis_serie_historica/snis_ae_rj_2020_2022_p12_20260728T152252-0300.json,raw,SNIS/Ministério das Cidades,2026-07-28T18:22:55.800252+00:00,2026-07-28T18:22:55.801254+00:00,,,20fbfc67b9ff89915f1092433fc723d0e8a23e9fd81644e39c0e97b3e0a30933,,inventariado_hash_calculado,0.1.0
data/raw/saneamento/snis_serie_historica/snis_ae_rj_2020_2022_p13_20260728T152252-0300.json,raw,SNIS/Ministério das Cidades,2026-07-28T18:22:55.924073+00:00,2026-07-28T18:22:55.941666+00:00,,,95c695756e7474174fb0493a9d0968d67e894abeb42fec9f4bb9a5f939a52ba8,,inventariado_hash_calculado,0.1.0
data/raw/saneamento/snis_serie_historica/snis_serie_historica_20260728T152252-0300.html,raw,SNIS/Ministério das Cidades,2026-07-28T18:22:54.401766+00:00,2026-07-28T18:22:54.401766+00:00,,,40b17a07b9d5c2767a36e6864c802c425855ae2ea14e26496515ae36c58c6bfb,,inventariado_hash_calculado,0.1.0
data/raw/territorio/RJ_Municipios_2024.zip,raw,IBGE,2026-07-29T14:17:10.531403+00:00,2026-07-29T14:17:10.533918+00:00,,,30881e67e483fca5a0682118fbd5b5d20b3487806cd9cf18a27732d68080d314,,inventariado_hash_calculado,0.1.0
data/raw/territorio/RJ_Municipios_2024.zip.metadata.json,raw,IBGE,2026-07-29T14:17:10.604179+00:00,2026-07-29T14:17:10.604179+00:00,,,dcb6d213ee0f19c8a5ce3370b2232576a13f7c333e01677833a6c037881d1f67,,inventariado_hash_calculado,0.1.0
data/processed/demografia/area_municipal_ibge_2024.csv,processed,IBGE,2026-07-28T16:07:08.106106+00:00,2026-07-28T16:07:25.734691+00:00,92,5,b0d3e11995cb386e9bc9af577587f29b5cbece31744403bb83383f7966386e7b,data/raw/demografia/,inventariado_hash_calculado,0.1.0
data/processed/demografia/densidade_derivada_2020_2024.csv,processed,fonte_mista_ou_derivada,2026-07-28T16:07:25.751279+00:00,2026-07-28T16:07:25.755278+00:00,460,8,6a25adfa05d19f489c3fd2b966665cf679ad8f2cf494cd53f14bf2dba71cbd60,data/raw/demografia/,inventariado_hash_calculado,0.1.0
data/processed/demografia/dim_municipio.csv,processed,IBGE,2026-07-28T15:39:37.738060+00:00,2026-07-28T15:39:37.739911+00:00,92,7,2fad1e0926af181dc9092dbac4b46b612025ae0fdfe2539b663eb746e48f0391,data/raw/demografia/,inventariado_hash_calculado,0.1.0
data/processed/demografia/populacao_ripsa_2020_2024.csv,processed,RIPSA/SES-RJ,2026-07-28T16:00:13.763375+00:00,2026-07-28T16:17:55.118550+00:00,460,6,33822195087ecd8241b3a83445fed0b3b303fe8a0aaf311a72fbb5c42e0080e4,data/raw/demografia/,inventariado_hash_calculado,0.1.0
data/processed/demografia/populacao_ripsa_tabnet_2020_2024.csv,processed,RIPSA/SES-RJ,2026-07-28T16:17:55.087989+00:00,2026-07-28T16:17:55.087989+00:00,93,1,59560fe97a83f68afe396126d744cc7162b95928bdb332c135b559bcbcdf0042,data/raw/demografia/,inventariado_hash_calculado,0.1.0
data/processed/dengue/cobertura_sinan_dengue_2020_2024.csv,processed,SINAN/DATASUS,2026-07-29T13:21:04.592615+00:00,2026-07-29T16:12:36.356756+00:00,5,10,6d184209d054bfeb5b2f34e3f25dfa727386e845a4d528a312d16730d3ff9381,data/raw/dengue/,inventariado_hash_calculado,0.1.0
data/processed/dengue/indicadores_dengue_municipio_ano_2020_2024.csv,processed,SINAN/DATASUS,2026-07-29T13:17:23.872710+00:00,2026-07-29T16:12:33.288392+00:00,460,9,b0bf4e1d108db4e846453772fee737a38cd7d1a06ea90934fddf3749f9b10321,data/raw/dengue/,inventariado_hash_calculado,0.1.0
data/processed/dengue/serie_dengue_municipio_mes_2020_2024.csv,processed,SINAN/DATASUS,2026-07-29T13:21:04.521377+00:00,2026-07-29T16:12:36.295526+00:00,5520,7,b6f58f6ff0a2402e55602ae1d1dd5a8a44900d70ccd500173ecc87b9ab4b50df,data/raw/dengue/,inventariado_hash_calculado,0.1.0
data/processed/dengue/serie_dengue_municipio_semana_2020_2024.csv,processed,SINAN/DATASUS,2026-07-29T13:21:04.538461+00:00,2026-07-29T16:12:36.355748+00:00,24012,7,80a9ba82dde561b43e01a4cfbae11dabd1ac5d8b3efc77940acdf18e0ed0890c,data/raw/dengue/,inventariado_hash_calculado,0.1.0
data/processed/dengue/sinan_dengue_rj_residencia_2020.csv,processed,SINAN/DATASUS,2026-07-29T12:53:13.009741+00:00,2026-07-29T12:54:27.864019+00:00,8715,16,ce13d6991cf69b6605453b5c2aac39b7bd198f646a2298d85b379c72854923e1,data/raw/dengue/,inventariado_hash_calculado,0.1.0
data/processed/dengue/sinan_dengue_rj_residencia_2021.csv,processed,SINAN/DATASUS,2026-07-29T12:59:06.907154+00:00,2026-07-29T12:59:06.936823+00:00,5793,16,2921a057798b9077b40664bcf04899ffa0f2824a14f230428a9c98868b4da065,data/raw/dengue/,inventariado_hash_calculado,0.1.0
data/processed/dengue/sinan_dengue_rj_residencia_2022.csv,processed,SINAN/DATASUS,2026-07-29T12:59:39.248739+00:00,2026-07-29T12:59:39.302383+00:00,11094,16,ce9d054476a8551b830cefa1731dcde0aee7a7f3379186a8e832908d787aed75,data/raw/dengue/,inventariado_hash_calculado,0.1.0
data/processed/dengue/sinan_dengue_rj_residencia_2023.csv,processed,SINAN/DATASUS,2026-07-29T13:00:16.783684+00:00,2026-07-29T13:00:17.045130+00:00,49951,16,8df961047a6252d1a3d94d63f456b3de2e4adf3c70d7dad67c201afadeca4c53,data/raw/dengue/,inventariado_hash_calculado,0.1.0
data/processed/dengue/sinan_dengue_rj_residencia_2024.csv,processed,SINAN/DATASUS,2026-07-29T13:02:45.702409+00:00,2026-07-29T13:02:47.096371+00:00,302201,16,2ac3b6ab6476226390b26e0ca526236aade55bc8f629551dea3f2d7e7d47b49d,data/raw/dengue/,inventariado_hash_calculado,0.1.0
data/processed/liraa/cobertura_liraa_2020_2024.csv,processed,LIRAa/SES-RJ,2026-07-29T13:53:51.467565+00:00,2026-07-29T13:55:16.347364+00:00,15,6,4c7f5d5c85b91d173ecfe8d27fb5a0cb2bfabf02165ee7e40e82b46c4279db40,data/raw/liraa/,inventariado_hash_calculado,0.1.0
data/processed/liraa/liraa_municipio_levantamento_2020_2024.csv,processed,LIRAa/SES-RJ,2026-07-29T13:53:51.440897+00:00,2026-07-29T13:55:16.345360+00:00,1380,35,dd5ef02a112132712cf79b3a4c037c2a689b495649b092a831fd8d952ec59581,data/raw/liraa/,inventariado_hash_calculado,0.1.0
data/processed/saneamento/cobertura_saneamento_snis_sinisa_2020_2023.csv,processed,SINISA/Ministério das Cidades,2026-07-29T12:35:26.532947+00:00,2026-07-29T12:36:25.138052+00:00,16,9,619edcbbd7e349edfa30d232befd2a89bb2bd3aed29994255d87652207710606,data/raw/saneamento/,inventariado_hash_calculado,0.1.0
data/processed/saneamento/comparabilidade_indicadores_agua_esgoto_snis_sinisa.csv,processed,SINISA/Ministério das Cidades,2026-07-28T19:18:44.746980+00:00,2026-07-28T19:18:44.748487+00:00,6,11,f26d00dcc38c5ba64d15bc99304f9718eaa2b27b5b3a3bc2053735484402ab0b,data/raw/saneamento/,inventariado_hash_calculado,0.1.0
data/processed/saneamento/de_para_informacoes_snis_sinisa_acertar.csv,processed,SINISA/Ministério das Cidades,2026-07-28T19:07:02.264710+00:00,2026-07-28T19:07:02.266709+00:00,74,12,7bd7619a1b867849cd6f7d09e90c94a7da1bee5d085a07428fae1c40543d6cae,data/raw/saneamento/,inventariado_hash_calculado,0.1.0
data/processed/saneamento/dim_indicador_saneamento_original.csv,processed,fonte_mista_ou_derivada,2026-07-28T18:57:54.776452+00:00,2026-07-28T19:18:45.820649+00:00,253,13,99fe50c26ac897048243cec86bfa1c74cf471f24faf3a5e770894d7af4374397,data/raw/saneamento/,inventariado_hash_calculado,0.1.0
data/processed/saneamento/sinisa_abastecimento_agua_indicadores_rj_2023.csv,processed,SINISA/Ministério das Cidades,2026-07-29T12:35:26.151945+00:00,2026-07-29T12:36:24.843487+00:00,5060,21,6cd104d66fcdbcac63bdedcc7a1730013769b8c68a20a5ba02c638d87389afde,data/raw/saneamento/,inventariado_hash_calculado,0.1.0
data/processed/saneamento/sinisa_aguas_pluviais_indicadores_rj_2023.csv,processed,SINISA/Ministério das Cidades,2026-07-29T12:35:26.279900+00:00,2026-07-29T12:36:25.003145+00:00,2484,21,eaf6216af312c8da22338d075c74f0861ffe77119bcf867f6da0cd0c0d53f8ed,data/raw/saneamento/,inventariado_hash_calculado,0.1.0
data/processed/saneamento/sinisa_esgotamento_sanitario_indicadores_rj_2023.csv,processed,SINISA/Ministério das Cidades,2026-07-29T12:35:26.207369+00:00,2026-07-29T12:36:24.886046+00:00,2680,21,46804086cf3eeaf61625fd5b17368e5efdc936ea499e0aed12d13a8040730ce1,data/raw/saneamento/,inventariado_hash_calculado,0.1.0
data/processed/saneamento/sinisa_residuos_solidos_indicadores_rj_2023.csv,processed,SINISA/Ministério das Cidades,2026-07-29T12:35:26.238379+00:00,2026-07-29T12:36:24.951077+00:00,4048,21,8d25f7985a0b0ab6d4c4a0ddbb0c5f645089af925e7306a5e6c10693bd38595d,data/raw/saneamento/,inventariado_hash_calculado,0.1.0
data/processed/saneamento/snis_agua_esgoto_indicadores_2020_2022.csv,processed,SNIS/Ministério das Cidades,2026-07-28T18:22:55.985914+00:00,2026-07-28T18:22:56.003148+00:00,1098,17,0cc585f5c935ac6a67a20a58e86ad5bde0677e8c9043e077f92888181314eb8b,data/raw/saneamento/,inventariado_hash_calculado,0.1.0
data/processed/saneamento/snis_aguas_pluviais_indicadores_rj_2020_2022.csv,processed,SNIS/Ministério das Cidades,2026-07-28T18:51:57.009979+00:00,2026-07-28T18:51:57.059949+00:00,6125,11,70d270d6d76ca348dc063ff00a44139ad3480c65b1df72056cedfef4f6fa0630,data/raw/saneamento/,inventariado_hash_calculado,0.1.0
data/processed/saneamento/snis_residuos_solidos_indicadores_rj_2020_2022.csv,processed,SNIS/Ministério das Cidades,2026-07-28T18:46:20.477595+00:00,2026-07-28T18:46:20.546740+00:00,12173,9,e05385dcec83431b533e2f151997bf1fea04b2cf8720100fcaefb183ffb13d12,data/raw/saneamento/,inventariado_hash_calculado,0.1.0
data/processed/territorio/rj_municipios_2024.geojson,processed,IBGE,2026-07-29T14:19:28.824602+00:00,2026-07-29T14:24:57.948685+00:00,,,5e6e35d45ef332640aa62f61659302cad0bef8b53fbe5bdcaa2b9f75027c9702,data/raw/territorio/,inventariado_hash_calculado,0.1.0
data/processed/territorio/vizinhanca_knn4_rj_2024.csv,processed,IBGE,2026-07-29T14:24:57.958802+00:00,2026-07-29T14:24:57.961797+00:00,368,9,426f8980e6b672973ba3f78d3add02f51dae527045352baf19e2ed31675dc1d3,data/raw/territorio/,inventariado_hash_calculado,0.1.0
data/processed/territorio/vizinhanca_rainha_rj_2024.csv,processed,IBGE,2026-07-29T14:19:28.842783+00:00,2026-07-29T14:24:57.954821+00:00,456,8,38ea1ebc26ba0debeefcb6ada0618743dbc038db265a1ea1778818e81ecfdddc,data/raw/territorio/,inventariado_hash_calculado,0.1.0
data/processed/territorio/vizinhanca_torre_rj_2024.csv,processed,IBGE,2026-07-29T14:24:57.955793+00:00,2026-07-29T14:24:57.957803+00:00,436,8,2232f6b773eb4433ef6aadfbde72728ee0e34a3be46f140ae2966d755c1f86c8,data/raw/territorio/,inventariado_hash_calculado,0.1.0
