id_coleta,fonte,sistema,descricao_base,url_origem,endpoint,metodo_http,arquivo_bruto,formato_arquivo,data_referencia_inicial,data_referencia_final,data_atualizacao_fonte,data_hora_coleta,parametros_requisicao,filtros_selecionados,opcoes_selecionadas,codigo_http,status_coleta,quantidade_registros,hash_sha256,versao_coletor,observacoes
ibge_municipios_rj_20260728T123936-0300,IBGE,API de Localidades,Municípios do Estado do Rio de Janeiro,https://servicodados.ibge.gov.br/api/v1/localidades/estados/33/municipios,https://servicodados.ibge.gov.br/api/v1/localidades/estados/33/municipios,GET,data\raw\demografia\ibge_municipios_rj_20260728T123936-0300.json,json,,,,2026-07-28T12:39:36.287126-03:00,{},"{""codigo_uf"": ""33""}",{},200,sucesso,92,9259126c654f7825fe7228a8070bb1775b4a5f6f283ea2b33738c588c6991c12,0.1.0,Identificadores oficiais da API de Localidades do IBGE.
ripsa_populacao_2020_20260728T130007-0300,RIPSA/SES-RJ,TabNet SES-RJ,População residente estimada por município,https://sistemas.saude.rj.gov.br/tabnetbd/dhx.exe?populacao/pop_populacao_ripsa2024.def,https://sistemas.saude.rj.gov.br/tabnetbd/webtabx.exe,POST,data\raw\demografia\ripsa_populacao_2020_20260728T130007-0300.csv,csv,2020,2020,,2026-07-28T13:00:07.288134-03:00,"{""ano"": 2020}","{""municipio"": ""todas_as_categorias""}","{""linha"": ""Município com código"", ""coluna"": ""Ano"", ""medida"": ""População estimada""}",200,sucesso,92,fbc60d5c16b51b346b5787f3a8840ba9fe009c992c8c8da8d246e8d4ce40d9e0,0.2.0,CSV gerado pelo link de exportação do resultado TabNet.
ripsa_populacao_2021_20260728T130007-0300,RIPSA/SES-RJ,TabNet SES-RJ,População residente estimada por município,https://sistemas.saude.rj.gov.br/tabnetbd/dhx.exe?populacao/pop_populacao_ripsa2024.def,https://sistemas.saude.rj.gov.br/tabnetbd/webtabx.exe,POST,data\raw\demografia\ripsa_populacao_2021_20260728T130007-0300.csv,csv,2021,2021,,2026-07-28T13:00:07.288134-03:00,"{""ano"": 2021}","{""municipio"": ""todas_as_categorias""}","{""linha"": ""Município com código"", ""coluna"": ""Ano"", ""medida"": ""População estimada""}",200,sucesso,92,6da1d9a5d381f781915bcfcf080812048ee484bb2244b89ff542e9a9522e5b46,0.2.0,CSV gerado pelo link de exportação do resultado TabNet.
ripsa_populacao_2022_20260728T130007-0300,RIPSA/SES-RJ,TabNet SES-RJ,População residente estimada por município,https://sistemas.saude.rj.gov.br/tabnetbd/dhx.exe?populacao/pop_populacao_ripsa2024.def,https://sistemas.saude.rj.gov.br/tabnetbd/webtabx.exe,POST,data\raw\demografia\ripsa_populacao_2022_20260728T130007-0300.csv,csv,2022,2022,,2026-07-28T13:00:07.288134-03:00,"{""ano"": 2022}","{""municipio"": ""todas_as_categorias""}","{""linha"": ""Município com código"", ""coluna"": ""Ano"", ""medida"": ""População estimada""}",200,sucesso,92,81d98e13856f5d899cd0bc3cc2af7a14e31699018402e47b95610a834745882c,0.2.0,CSV gerado pelo link de exportação do resultado TabNet.
ripsa_populacao_2023_20260728T130007-0300,RIPSA/SES-RJ,TabNet SES-RJ,População residente estimada por município,https://sistemas.saude.rj.gov.br/tabnetbd/dhx.exe?populacao/pop_populacao_ripsa2024.def,https://sistemas.saude.rj.gov.br/tabnetbd/webtabx.exe,POST,data\raw\demografia\ripsa_populacao_2023_20260728T130007-0300.csv,csv,2023,2023,,2026-07-28T13:00:07.288134-03:00,"{""ano"": 2023}","{""municipio"": ""todas_as_categorias""}","{""linha"": ""Município com código"", ""coluna"": ""Ano"", ""medida"": ""População estimada""}",200,sucesso,92,5527b36fac20c4198d26feda873418d6d3a5375e42a32252faf85fe38152f547,0.2.0,CSV gerado pelo link de exportação do resultado TabNet.
ripsa_populacao_2024_20260728T130007-0300,RIPSA/SES-RJ,TabNet SES-RJ,População residente estimada por município,https://sistemas.saude.rj.gov.br/tabnetbd/dhx.exe?populacao/pop_populacao_ripsa2024.def,https://sistemas.saude.rj.gov.br/tabnetbd/webtabx.exe,POST,data\raw\demografia\ripsa_populacao_2024_20260728T130007-0300.csv,csv,2024,2024,,2026-07-28T13:00:07.288134-03:00,"{""ano"": 2024}","{""municipio"": ""todas_as_categorias""}","{""linha"": ""Município com código"", ""coluna"": ""Ano"", ""medida"": ""População estimada""}",200,sucesso,92,43d48353af5455c191fdf644f384ae4c3b5cda5d24b7407e88baa46776f925b1,0.2.0,CSV gerado pelo link de exportação do resultado TabNet.
ibge_areas_2024_20260728T130724-0300,IBGE,Áreas Territoriais,Áreas territoriais municipais 2024,https://geoftp.ibge.gov.br/organizacao_do_territorio/estrutura_territorial/areas_territoriais/2024/AR_BR_RG_UF_RGINT_RGI_MUN_2024.xls,https://geoftp.ibge.gov.br/organizacao_do_territorio/estrutura_territorial/areas_territoriais/2024/AR_BR_RG_UF_RGINT_RGI_MUN_2024.xls,GET,data\raw\demografia\ibge_areas_territoriais_2024_20260728T130724-0300.xls,xls,2024,2024,,2026-07-28T13:07:24.801454-03:00,,,,200,sucesso,92,61ffd18b4b1ad39e675bc5ebcfdcd874e2467083038216f138ec4248761dbdb0,0.1.0,Planilha AR_BR_MUN_2024; documentação: https://www.ibge.gov.br/geociencias/organizacao-do-territorio/malhas-territoriais/15761-areas-dos-municipios.html?edicao=43130
ibge_areas_2024_20260728T130707-0300,IBGE,Áreas Territoriais,Áreas territoriais municipais 2024,https://geoftp.ibge.gov.br/organizacao_do_territorio/estrutura_territorial/areas_territoriais/2024/AR_BR_RG_UF_RGINT_RGI_MUN_2024.xls,https://geoftp.ibge.gov.br/organizacao_do_territorio/estrutura_territorial/areas_territoriais/2024/AR_BR_RG_UF_RGINT_RGI_MUN_2024.xls,GET,data\raw\demografia\ibge_areas_territoriais_2024_20260728T130707-0300.xls,xls,2024,2024,,2026-07-28T13:07:07.935612-03:00,,,,200,download_sucesso_processamento_falhou,,61ffd18b4b1ad39e675bc5ebcfdcd874e2467083038216f138ec4248761dbdb0,0.1.0,Bruto preservado; primeira tentativa falhou antes da normalização dos códigos. Documentação: https://www.ibge.gov.br/geociencias/organizacao-do-territorio/malhas-territoriais/15761-areas-dos-municipios.html?edicao=43130
ripsa_populacao_2020_2024_20260728T131749-0300,RIPSA/SES-RJ,TabNet SES-RJ,População residente estimada por município,https://sistemas.saude.rj.gov.br/tabnetbd/dhx.exe?populacao/pop_populacao_ripsa2024.def,https://sistemas.saude.rj.gov.br/tabnetbd/webtabx.exe,POST,data\raw\demografia\ripsa_populacao_2020_2024_20260728T131749-0300.html,html,2020,2024,,2026-07-28T13:17:49.017147-03:00,"{""anos"": [2020, 2021, 2022, 2023, 2024]}","{""municipio"": ""todas_as_categorias""}","{""linha"": ""Município com código"", ""coluna"": ""Ano"", ""medida"": ""População estimada""}",200,sucesso,460,7518e6caaf20977c4f6532be8b9e5f430d17b52c7300a27ca2ee5f2b880bc1c2,0.3.0,HTML puro da resposta POST; o CSV oficial foi obtido pelo link 'Salva como CSV' contido nesta resposta.
sinisa_gestao_municipal_2023_20260728T132931-0300,SINISA/Ministério das Cidades,SINISA,Informações e indicadores — gestao_municipal,https://www.gov.br/cidades/pt-br/acesso-a-informacao/acoes-e-programas/saneamento/sinisa/resultados-sinisa,https://www.gov.br/cidades/pt-br/acesso-a-informacao/acoes-e-programas/saneamento/sinisa/resultados-sinisa/SINISA_GESTAOMUNICIPAL_Informacoes_2023.xlsx,GET,data\raw\saneamento\sinisa\sinisa_gestao_municipal_ref2023_20260728T132931-0300.xlsx,xlsx,2023,2023,,2026-07-28T13:29:31.558376-03:00,{},{},"{""modulo"": ""gestao_municipal""}",200,sucesso,,b08c6fc8fd1f2c3853da21ee7d62a35bcb4df3028f819b9aba59d4b2d63b7457,0.1.0,Produto SINISA 2024 com ano de referência 2023; pacote oficial preservado sem transformação.
sinisa_gestao_municipal_2023_20260728T133023-0300,SINISA/Ministério das Cidades,SINISA,Informações e indicadores — gestao_municipal,https://www.gov.br/cidades/pt-br/acesso-a-informacao/acoes-e-programas/saneamento/sinisa/resultados-sinisa,https://www.gov.br/cidades/pt-br/acesso-a-informacao/acoes-e-programas/saneamento/sinisa/resultados-sinisa/SINISA_GESTAOMUNICIPAL_Informacoes_2023.xlsx,GET,data\raw\saneamento\sinisa\sinisa_gestao_municipal_ref2023_20260728T133023-0300.xlsx,xlsx,2023,2023,,2026-07-28T13:30:23.637874-03:00,{},{},"{""modulo"": ""gestao_municipal""}",200,sucesso,,b08c6fc8fd1f2c3853da21ee7d62a35bcb4df3028f819b9aba59d4b2d63b7457,0.1.0,Produto SINISA 2024 com ano de referência 2023; pacote oficial preservado sem transformação.
sinisa_abastecimento_agua_2023_20260728T133023-0300,SINISA/Ministério das Cidades,SINISA,Informações e indicadores — abastecimento_agua,https://www.gov.br/cidades/pt-br/acesso-a-informacao/acoes-e-programas/saneamento/sinisa/resultados-sinisa,https://www.gov.br/cidades/pt-br/acesso-a-informacao/acoes-e-programas/saneamento/sinisa/arquivos/SINISA_AGUA_Planilhas_2023_v2.1.1.zip,GET,data\raw\saneamento\sinisa\sinisa_abastecimento_agua_ref2023_20260728T133023-0300.zip,zip,2023,2023,,2026-07-28T13:30:23.637874-03:00,{},{},"{""modulo"": ""abastecimento_agua""}",200,sucesso,,7849e4a7a2679fb76cc253b7c69e39c9bd86f1e9a67f974ee47a2389585607bf,0.1.0,Produto SINISA 2024 com ano de referência 2023; pacote oficial preservado sem transformação.
sinisa_esgotamento_sanitario_2023_20260728T133023-0300,SINISA/Ministério das Cidades,SINISA,Informações e indicadores — esgotamento_sanitario,https://www.gov.br/cidades/pt-br/acesso-a-informacao/acoes-e-programas/saneamento/sinisa/resultados-sinisa,https://www.gov.br/cidades/pt-br/acesso-a-informacao/acoes-e-programas/saneamento/sinisa/resultados-sinisa/SINISA_ESGOTO_Planilhas_2023_v2.zip,GET,data\raw\saneamento\sinisa\sinisa_esgotamento_sanitario_ref2023_20260728T133023-0300.zip,zip,2023,2023,,2026-07-28T13:30:23.637874-03:00,{},{},"{""modulo"": ""esgotamento_sanitario""}",200,sucesso,,2ae2b09d8bc892ec1013ae91e5352deb9ee80611499b91bcc6309f6fc0d8b1e6,0.1.0,Produto SINISA 2024 com ano de referência 2023; pacote oficial preservado sem transformação.
sinisa_residuos_solidos_2023_20260728T133023-0300,SINISA/Ministério das Cidades,SINISA,Informações e indicadores — residuos_solidos,https://www.gov.br/cidades/pt-br/acesso-a-informacao/acoes-e-programas/saneamento/sinisa/resultados-sinisa,https://www.gov.br/cidades/pt-br/acesso-a-informacao/acoes-e-programas/saneamento/sinisa/resultados-sinisa/SINISA_RESIDUOS_Planilhas_2023.rar,GET,data\raw\saneamento\sinisa\sinisa_residuos_solidos_ref2023_20260728T133023-0300.rar,rar,2023,2023,,2026-07-28T13:30:23.637874-03:00,{},{},"{""modulo"": ""residuos_solidos""}",200,sucesso,,70fa4250b3e107d821175781428d5ef9b3c5c3ca0f47d1adccf3886cf1bc57be,0.1.0,Produto SINISA 2024 com ano de referência 2023; pacote oficial preservado sem transformação.
sinisa_aguas_pluviais_2023_20260728T133023-0300,SINISA/Ministério das Cidades,SINISA,Informações e indicadores — aguas_pluviais,https://www.gov.br/cidades/pt-br/acesso-a-informacao/acoes-e-programas/saneamento/sinisa/resultados-sinisa,https://www.gov.br/cidades/pt-br/acesso-a-informacao/acoes-e-programas/saneamento/sinisa/resultados-sinisa/SINISA_AGUASPLUVIAIS_PLANILHAS_2023_V224042025.rar,GET,data\raw\saneamento\sinisa\sinisa_aguas_pluviais_ref2023_20260728T133023-0300.rar,rar,2023,2023,,2026-07-28T13:30:23.637874-03:00,{},{},"{""modulo"": ""aguas_pluviais""}",200,sucesso,,94b3d15564ca8cc6ff3a9b0e63186dac5b6312899fb6af7fcebe8f4e90f371b6,0.1.0,Produto SINISA 2024 com ano de referência 2023; pacote oficial preservado sem transformação.
snis_ae_rj_2020_2022_20260728T152252-0300,SNIS/Ministério das Cidades,SNIS Série Histórica,Indicadores operacionais de água e esgoto por prestador e município,https://app4.cidades.gov.br/serieHistorica/,https://app4.cidades.gov.br/serieHistorica/agregado/getGridData,POST,data\raw\saneamento\snis_serie_historica,json,2020,2022,,2026-07-28T15:22:52.587382-03:00,"{""anos"": [2020, 2021, 2022], ""uf"": ""RJ"", ""familias"": [9, 10], ""paginas"": 13, ""linhas_por_pagina"": 15}","{""abrangencias"": [1, 2, 3], ""servicos"": [1, 2, 3], ""naturezas_juridicas"": [1, 2, 8, 6, 3, 7, 5, 4]}","{""familias"": [""Indicadores operacionais - água"", ""Indicadores operacionais - esgotos""]}",200,sucesso,183,"{""snis_ae_rj_2020_2022_p01_20260728T152252-0300.json"": ""fd4d627a20a660aa5ba10ff50664b148ab686d8b545ac7ec420477fc90f343da"", ""snis_ae_rj_2020_2022_p02_20260728T152252-0300.json"": ""9b1c9b639406e57b1ec525b922e6186e5a84e9fd0819caa3dbc9696bf3700665"", ""snis_ae_rj_2020_2022_p03_20260728T152252-0300.json"": ""5be8869053689a1f98ab071ca9f980fd56a210448796246a7372475c4a4cbba3"", ""snis_ae_rj_2020_2022_p04_20260728T152252-0300.json"": ""4b9449ce46804f532d3e381eaac4cfdee702e5a859c20978591522428fd7b56c"", ""snis_ae_rj_2020_2022_p05_20260728T152252-0300.json"": ""bd78be1be6baef360567d6041f9ad7010e64258d47d6ef70465d250b47ae565a"", ""snis_ae_rj_2020_2022_p06_20260728T152252-0300.json"": ""4882fa220c346628208319fb9f0ff0df110ca287413c011a028e895d96cfcf85"", ""snis_ae_rj_2020_2022_p07_20260728T152252-0300.json"": ""6d59276f4a3af7e6aa0f2d5e50f258739282fdf84e6f2a541f1731022c762316"", ""snis_ae_rj_2020_2022_p08_20260728T152252-0300.json"": ""df9695bc6622fade95da58011b544b524de8b37b75eeeb2febee1a1ec230a5ba"", ""snis_ae_rj_2020_2022_p09_20260728T152252-0300.json"": ""7ecc9bb73bfc9c6e163a95a17fac069ae19a299c6a8c0fe20b60e7bc5a2924b4"", ""snis_ae_rj_2020_2022_p10_20260728T152252-0300.json"": ""32b75a6928bd280d0aaab21ec435a1758eeb07899cd4b20afd163eebd1c7e9cd"", ""snis_ae_rj_2020_2022_p11_20260728T152252-0300.json"": ""f10bd9aa5fa143d2df56257607ad55e3ee7a52981e34add93607b2603b54994f"", ""snis_ae_rj_2020_2022_p12_20260728T152252-0300.json"": ""20fbfc67b9ff89915f1092433fc723d0e8a23e9fd81644e39c0e97b3e0a30933"", ""snis_ae_rj_2020_2022_p13_20260728T152252-0300.json"": ""95c695756e7474174fb0493a9d0968d67e894abeb42fec9f4bb9a5f939a52ba8""}",0.1.0,JSON paginado preservado; valores mantidos no nível prestador-município-ano.
snis_residuos_2020_20260728T154220-0300,SNIS/Ministério das Cidades,Diagnósticos SNIS,Planilhas de informações e indicadores de resíduos sólidos,https://www.gov.br/cidades/pt-br/acesso-a-informacao/acoes-e-programas/saneamento/snis/produtos-do-snis/diagnosticos/Planilhas_RS2020.zip,https://www.gov.br/cidades/pt-br/acesso-a-informacao/acoes-e-programas/saneamento/snis/produtos-do-snis/diagnosticos/Planilhas_RS2020.zip,GET,data\raw\saneamento\snis_residuos_solidos\snis_residuos_solidos_2020_20260728T154220-0300.zip,zip,2020,2020,,2026-07-28T15:42:20.925294-03:00,{},{},"{""componente"": ""residuos_solidos""}",200,sucesso,,1e932b98a2e3e458fe08d2fdc4c0f82b25f5f2d662ffaea56073300799735acc,0.1.0,Pacote anual nacional preservado integralmente e validado como ZIP.
snis_residuos_2021_20260728T154220-0300,SNIS/Ministério das Cidades,Diagnósticos SNIS,Planilhas de informações e indicadores de resíduos sólidos,https://www.gov.br/cidades/pt-br/acesso-a-informacao/acoes-e-programas/saneamento/snis/produtos-do-snis/diagnosticos/Planilhas_RS2021.zip,https://www.gov.br/cidades/pt-br/acesso-a-informacao/acoes-e-programas/saneamento/snis/produtos-do-snis/diagnosticos/Planilhas_RS2021.zip,GET,data\raw\saneamento\snis_residuos_solidos\snis_residuos_solidos_2021_20260728T154220-0300.zip,zip,2021,2021,,2026-07-28T15:42:20.925294-03:00,{},{},"{""componente"": ""residuos_solidos""}",200,sucesso,,069610e93afb8e755cd8741bd899912cef06928b26271831178cd87f5cece7c8,0.1.0,Pacote anual nacional preservado integralmente e validado como ZIP.
snis_residuos_2022_20260728T154220-0300,SNIS/Ministério das Cidades,Diagnósticos SNIS,Planilhas de informações e indicadores de resíduos sólidos,https://www.gov.br/cidades/pt-br/acesso-a-informacao/acoes-e-programas/saneamento/snis/produtos-do-snis/diagnosticos/Planilha_RS_2022_atualizado_29112024.zip,https://www.gov.br/cidades/pt-br/acesso-a-informacao/acoes-e-programas/saneamento/snis/produtos-do-snis/diagnosticos/Planilha_RS_2022_atualizado_29112024.zip,GET,data\raw\saneamento\snis_residuos_solidos\snis_residuos_solidos_2022_20260728T154220-0300.zip,zip,2022,2022,,2026-07-28T15:42:20.925294-03:00,{},{},"{""componente"": ""residuos_solidos""}",200,sucesso,,55414d20d7d3cae00e564934bc6c57080675036512c377ac6fd942e080e99cd1,0.1.0,Pacote anual nacional preservado integralmente e validado como ZIP.
snis_residuos_2020_20260728T154427-0300,SNIS/Ministério das Cidades,Diagnósticos SNIS,Planilhas de informações e indicadores de resíduos sólidos,https://www.gov.br/cidades/pt-br/acesso-a-informacao/acoes-e-programas/saneamento/snis/produtos-do-snis/diagnosticos/Planilhas_RS2020.zip,https://www.gov.br/cidades/pt-br/acesso-a-informacao/acoes-e-programas/saneamento/snis/produtos-do-snis/diagnosticos/Planilhas_RS2020.zip,GET,data\raw\saneamento\snis_residuos_solidos\snis_residuos_solidos_2020_20260728T154427-0300.zip,zip,2020,2020,,2026-07-28T15:44:27.038599-03:00,{},{},"{""componente"": ""residuos_solidos""}",200,sucesso,,1e932b98a2e3e458fe08d2fdc4c0f82b25f5f2d662ffaea56073300799735acc,0.1.0,Pacote anual nacional preservado integralmente e validado como ZIP.
snis_residuos_2021_20260728T154427-0300,SNIS/Ministério das Cidades,Diagnósticos SNIS,Planilhas de informações e indicadores de resíduos sólidos,https://www.gov.br/cidades/pt-br/acesso-a-informacao/acoes-e-programas/saneamento/snis/produtos-do-snis/diagnosticos/Planilhas_RS2021.zip,https://www.gov.br/cidades/pt-br/acesso-a-informacao/acoes-e-programas/saneamento/snis/produtos-do-snis/diagnosticos/Planilhas_RS2021.zip,GET,data\raw\saneamento\snis_residuos_solidos\snis_residuos_solidos_2021_20260728T154427-0300.zip,zip,2021,2021,,2026-07-28T15:44:27.038599-03:00,{},{},"{""componente"": ""residuos_solidos""}",200,sucesso,,069610e93afb8e755cd8741bd899912cef06928b26271831178cd87f5cece7c8,0.1.0,Pacote anual nacional preservado integralmente e validado como ZIP.
snis_residuos_2022_20260728T154427-0300,SNIS/Ministério das Cidades,Diagnósticos SNIS,Planilhas de informações e indicadores de resíduos sólidos,https://www.gov.br/cidades/pt-br/acesso-a-informacao/acoes-e-programas/saneamento/snis/produtos-do-snis/diagnosticos/Planilha_RS_2022_atualizado_29112024.zip,https://www.gov.br/cidades/pt-br/acesso-a-informacao/acoes-e-programas/saneamento/snis/produtos-do-snis/diagnosticos/Planilha_RS_2022_atualizado_29112024.zip,GET,data\raw\saneamento\snis_residuos_solidos\snis_residuos_solidos_2022_20260728T154427-0300.zip,zip,2022,2022,,2026-07-28T15:44:27.038599-03:00,{},{},"{""componente"": ""residuos_solidos""}",200,sucesso,,55414d20d7d3cae00e564934bc6c57080675036512c377ac6fd942e080e99cd1,0.1.0,Pacote anual nacional preservado integralmente e validado como ZIP.
snis_residuos_2020_20260728T154550-0300,SNIS/Ministério das Cidades,Diagnósticos SNIS,Planilhas de informações e indicadores de resíduos sólidos,https://www.gov.br/cidades/pt-br/acesso-a-informacao/acoes-e-programas/saneamento/snis/produtos-do-snis/diagnosticos/Planilhas_RS2020.zip,https://www.gov.br/cidades/pt-br/acesso-a-informacao/acoes-e-programas/saneamento/snis/produtos-do-snis/diagnosticos/Planilhas_RS2020.zip,GET,data\raw\saneamento\snis_residuos_solidos\snis_residuos_solidos_2020_20260728T154550-0300.zip,zip,2020,2020,,2026-07-28T15:45:50.801521-03:00,{},{},"{""componente"": ""residuos_solidos""}",200,sucesso,,1e932b98a2e3e458fe08d2fdc4c0f82b25f5f2d662ffaea56073300799735acc,0.1.0,Pacote anual nacional preservado integralmente e validado como ZIP.
snis_residuos_2021_20260728T154550-0300,SNIS/Ministério das Cidades,Diagnósticos SNIS,Planilhas de informações e indicadores de resíduos sólidos,https://www.gov.br/cidades/pt-br/acesso-a-informacao/acoes-e-programas/saneamento/snis/produtos-do-snis/diagnosticos/Planilhas_RS2021.zip,https://www.gov.br/cidades/pt-br/acesso-a-informacao/acoes-e-programas/saneamento/snis/produtos-do-snis/diagnosticos/Planilhas_RS2021.zip,GET,data\raw\saneamento\snis_residuos_solidos\snis_residuos_solidos_2021_20260728T154550-0300.zip,zip,2021,2021,,2026-07-28T15:45:50.801521-03:00,{},{},"{""componente"": ""residuos_solidos""}",200,sucesso,,069610e93afb8e755cd8741bd899912cef06928b26271831178cd87f5cece7c8,0.1.0,Pacote anual nacional preservado integralmente e validado como ZIP.
snis_residuos_2022_20260728T154550-0300,SNIS/Ministério das Cidades,Diagnósticos SNIS,Planilhas de informações e indicadores de resíduos sólidos,https://www.gov.br/cidades/pt-br/acesso-a-informacao/acoes-e-programas/saneamento/snis/produtos-do-snis/diagnosticos/Planilha_RS_2022_atualizado_29112024.zip,https://www.gov.br/cidades/pt-br/acesso-a-informacao/acoes-e-programas/saneamento/snis/produtos-do-snis/diagnosticos/Planilha_RS_2022_atualizado_29112024.zip,GET,data\raw\saneamento\snis_residuos_solidos\snis_residuos_solidos_2022_20260728T154550-0300.zip,zip,2022,2022,,2026-07-28T15:45:50.801521-03:00,{},{},"{""componente"": ""residuos_solidos""}",200,sucesso,,55414d20d7d3cae00e564934bc6c57080675036512c377ac6fd942e080e99cd1,0.1.0,Pacote anual nacional preservado integralmente e validado como ZIP.
snis_aguas_pluviais_2020_20260728T154929-0300,SNIS/Ministério das Cidades,Diagnósticos SNIS,Planilhas de informações e indicadores de águas pluviais,https://www.gov.br/cidades/pt-br/acesso-a-informacao/acoes-e-programas/saneamento/snis/produtos-do-snis/diagnosticos/Planilhas_AP2020.zip,https://www.gov.br/cidades/pt-br/acesso-a-informacao/acoes-e-programas/saneamento/snis/produtos-do-snis/diagnosticos/Planilhas_AP2020.zip,GET,data\raw\saneamento\snis_aguas_pluviais\snis_aguas_pluviais_2020_20260728T154929-0300.zip,zip,2020,2020,,2026-07-28T15:49:29.921530-03:00,{},{},"{""componente"": ""aguas_pluviais""}",200,sucesso,,b791e307385ae030e44928b99a4bb785de8ad1c6d3d19c3315740c9a1b89596c,0.1.0,Pacote anual nacional preservado integralmente e validado como ZIP.
snis_aguas_pluviais_2021_20260728T154929-0300,SNIS/Ministério das Cidades,Diagnósticos SNIS,Planilhas de informações e indicadores de águas pluviais,https://www.gov.br/cidades/pt-br/acesso-a-informacao/acoes-e-programas/saneamento/snis/produtos-do-snis/diagnosticos/Planilhas_AP2021.zip,https://www.gov.br/cidades/pt-br/acesso-a-informacao/acoes-e-programas/saneamento/snis/produtos-do-snis/diagnosticos/Planilhas_AP2021.zip,GET,data\raw\saneamento\snis_aguas_pluviais\snis_aguas_pluviais_2021_20260728T154929-0300.zip,zip,2021,2021,,2026-07-28T15:49:29.921530-03:00,{},{},"{""componente"": ""aguas_pluviais""}",200,sucesso,,1b274e4d10934fb57a67551679b28912555fbf7b6328b6a560a46bc5bbdce038,0.1.0,Pacote anual nacional preservado integralmente e validado como ZIP.
snis_aguas_pluviais_2022_20260728T154929-0300,SNIS/Ministério das Cidades,Diagnósticos SNIS,Planilhas de informações e indicadores de águas pluviais,https://www.gov.br/cidades/pt-br/acesso-a-informacao/acoes-e-programas/saneamento/snis/produtos-do-snis/diagnosticos/Planilhas_AP2022.zip,https://www.gov.br/cidades/pt-br/acesso-a-informacao/acoes-e-programas/saneamento/snis/produtos-do-snis/diagnosticos/Planilhas_AP2022.zip,GET,data\raw\saneamento\snis_aguas_pluviais\snis_aguas_pluviais_2022_20260728T154929-0300.zip,zip,2022,2022,,2026-07-28T15:49:29.921530-03:00,{},{},"{""componente"": ""aguas_pluviais""}",200,sucesso,,f163ccc09c6f3c41c8fd5d23088341677b9acdcbd388f362bee28b94b317bf24,0.1.0,Pacote anual nacional preservado integralmente e validado como ZIP.
snis_aguas_pluviais_2020_20260728T155144-0300,SNIS/Ministério das Cidades,Diagnósticos SNIS,Planilhas de informações e indicadores de águas pluviais,https://www.gov.br/cidades/pt-br/acesso-a-informacao/acoes-e-programas/saneamento/snis/produtos-do-snis/diagnosticos/Planilhas_AP2020.zip,https://www.gov.br/cidades/pt-br/acesso-a-informacao/acoes-e-programas/saneamento/snis/produtos-do-snis/diagnosticos/Planilhas_AP2020.zip,GET,data\raw\saneamento\snis_aguas_pluviais\snis_aguas_pluviais_2020_20260728T155144-0300.zip,zip,2020,2020,,2026-07-28T15:51:44.052004-03:00,{},{},"{""componente"": ""aguas_pluviais""}",200,sucesso,,b791e307385ae030e44928b99a4bb785de8ad1c6d3d19c3315740c9a1b89596c,0.1.0,Pacote anual nacional preservado integralmente e validado como ZIP.
snis_aguas_pluviais_2021_20260728T155144-0300,SNIS/Ministério das Cidades,Diagnósticos SNIS,Planilhas de informações e indicadores de águas pluviais,https://www.gov.br/cidades/pt-br/acesso-a-informacao/acoes-e-programas/saneamento/snis/produtos-do-snis/diagnosticos/Planilhas_AP2021.zip,https://www.gov.br/cidades/pt-br/acesso-a-informacao/acoes-e-programas/saneamento/snis/produtos-do-snis/diagnosticos/Planilhas_AP2021.zip,GET,data\raw\saneamento\snis_aguas_pluviais\snis_aguas_pluviais_2021_20260728T155144-0300.zip,zip,2021,2021,,2026-07-28T15:51:44.052004-03:00,{},{},"{""componente"": ""aguas_pluviais""}",200,sucesso,,1b274e4d10934fb57a67551679b28912555fbf7b6328b6a560a46bc5bbdce038,0.1.0,Pacote anual nacional preservado integralmente e validado como ZIP.
snis_aguas_pluviais_2022_20260728T155144-0300,SNIS/Ministério das Cidades,Diagnósticos SNIS,Planilhas de informações e indicadores de águas pluviais,https://www.gov.br/cidades/pt-br/acesso-a-informacao/acoes-e-programas/saneamento/snis/produtos-do-snis/diagnosticos/Planilhas_AP2022.zip,https://www.gov.br/cidades/pt-br/acesso-a-informacao/acoes-e-programas/saneamento/snis/produtos-do-snis/diagnosticos/Planilhas_AP2022.zip,GET,data\raw\saneamento\snis_aguas_pluviais\snis_aguas_pluviais_2022_20260728T155144-0300.zip,zip,2022,2022,,2026-07-28T15:51:44.052004-03:00,{},{},"{""componente"": ""aguas_pluviais""}",200,sucesso,,f163ccc09c6f3c41c8fd5d23088341677b9acdcbd388f362bee28b94b317bf24,0.1.0,Pacote anual nacional preservado integralmente e validado como ZIP.
sinisa_de_para_20260728T160430-0300,SINISA/Ministério das Cidades,SINISA,Regra de transição SNIS-SINISA-ACERTAR,https://www.gov.br/cidades/pt-br/acesso-a-informacao/acoes-e-programas/saneamento/sinisa/arquivos/Planilha_De_Para_SINISA_SNIS_ACERTAR___20250623.pdf,https://www.gov.br/cidades/pt-br/acesso-a-informacao/acoes-e-programas/saneamento/sinisa/arquivos/Planilha_De_Para_SINISA_SNIS_ACERTAR___20250623.pdf,GET,data\raw\saneamento\sinisa_referencias\de_para_sinisa_snis_acertar_20260728T160430-0300.pdf,pdf,,,,2026-07-28T16:04:30.084430-03:00,{},{},"{""tipo"": ""de_para""}",200,sucesso,,2cadeb153b3b2771518c2b07effa73bf39962b2af0d25e370a449626d0d4c7fb,0.1.0,PDF oficial preservado integralmente antes da extração.
snis_agua_esgoto_indicadores_2022_20260728T161529-0300,SNIS/SINISA - Ministério das Cidades,SNIS/SINISA,Glossário oficial: snis_agua_esgoto_indicadores_2022,https://www.gov.br/cidades/pt-br/acesso-a-informacao/acoes-e-programas/saneamento/snis/produtos-do-snis/diagnosticos/Glossario_Indicadores_AE2022.pdf,https://www.gov.br/cidades/pt-br/acesso-a-informacao/acoes-e-programas/saneamento/snis/produtos-do-snis/diagnosticos/Glossario_Indicadores_AE2022.pdf,GET,data\raw\saneamento\glossarios\snis_agua_esgoto_indicadores_2022_20260728T161529-0300.pdf,pdf,2022,2022,,2026-07-28T16:15:29.909525-03:00,{},{},"{""documento"": ""snis_agua_esgoto_indicadores_2022""}",200,sucesso,,81522be5702d00af6ca1d993c9b86687de5ba2788e7233b2bb00cc67d24c3504,0.1.0,PDF oficial preservado integralmente antes da análise.
sinisa_agua_indicadores_ref2023_20260728T161529-0300,SNIS/SINISA - Ministério das Cidades,SNIS/SINISA,Glossário oficial: sinisa_agua_indicadores_ref2023,https://www.gov.br/cidades/pt-br/acesso-a-informacao/acoes-e-programas/saneamento/sinisa/resultados-sinisa/INDICADORES_SINISA_ABASTECIMENTO_DE_AGUA_2024_v2.pdf,https://www.gov.br/cidades/pt-br/acesso-a-informacao/acoes-e-programas/saneamento/sinisa/resultados-sinisa/INDICADORES_SINISA_ABASTECIMENTO_DE_AGUA_2024_v2.pdf,GET,data\raw\saneamento\glossarios\sinisa_agua_indicadores_ref2023_20260728T161529-0300.pdf,pdf,2023,2023,,2026-07-28T16:15:29.909525-03:00,{},{},"{""documento"": ""sinisa_agua_indicadores_ref2023""}",200,sucesso,,747f2d7a5b550fb6dc8f5c50892398b912a9c502c4b712776c35441f421f977d,0.1.0,PDF oficial preservado integralmente antes da análise.
sinisa_esgoto_indicadores_ref2023_20260728T161529-0300,SNIS/SINISA - Ministério das Cidades,SNIS/SINISA,Glossário oficial: sinisa_esgoto_indicadores_ref2023,https://www.gov.br/cidades/pt-br/acesso-a-informacao/acoes-e-programas/saneamento/sinisa/arquivos/INDICADORES_SINISA_ESGOTAMENTOSANITRIO_2024_V2.pdf,https://www.gov.br/cidades/pt-br/acesso-a-informacao/acoes-e-programas/saneamento/sinisa/arquivos/INDICADORES_SINISA_ESGOTAMENTOSANITRIO_2024_V2.pdf,GET,data\raw\saneamento\glossarios\sinisa_esgoto_indicadores_ref2023_20260728T161529-0300.pdf,pdf,2023,2023,,2026-07-28T16:15:29.909525-03:00,{},{},"{""documento"": ""sinisa_esgoto_indicadores_ref2023""}",200,sucesso,,2e0fa499e243d8c4a703b987986db4fbe6ac3384f382512a49fd00b5f55e4863,0.1.0,PDF oficial preservado integralmente antes da análise.
sinisa_abastecimento_agua_2024_20260731T095645-0300,SINISA/Ministério das Cidades,SINISA,Informações e indicadores — abastecimento_agua,https://www.gov.br/cidades/pt-br/acesso-a-informacao/acoes-e-programas/saneamento/sinisa/resultados-sinisa/resultados-sinisa-2025,https://www.gov.br/cidades/pt-br/acesso-a-informacao/acoes-e-programas/saneamento/sinisa/resultados-sinisa/SINISA_Resultados_Ref2024.zip,GET,data\raw\saneamento\sinisa\sinisa_abastecimento_agua_ref2024_20260731T095645-0300.zip,zip,2024,2024,,2026-07-31T09:56:45.658360-03:00,{},{},"{""modulo"": ""abastecimento_agua""}",200,sucesso,,777eb5f8dcd1483df76823a3bede1d77f40b177adac1c330c5a611b4c4ab6d74,0.1.0,Produto SINISA 2024 com ano de referência 2023; pacote oficial preservado sem transformação.
sinisa_esgotamento_sanitario_2024_20260731T095645-0300,SINISA/Ministério das Cidades,SINISA,Informações e indicadores — esgotamento_sanitario,https://www.gov.br/cidades/pt-br/acesso-a-informacao/acoes-e-programas/saneamento/sinisa/resultados-sinisa/resultados-sinisa-2025,https://www.gov.br/cidades/pt-br/acesso-a-informacao/acoes-e-programas/saneamento/sinisa/resultados-sinisa/SINISA_ESGOTO_Planilhas_2024.zip,GET,data\raw\saneamento\sinisa\sinisa_esgotamento_sanitario_ref2024_20260731T095645-0300.zip,zip,2024,2024,,2026-07-31T09:56:45.658360-03:00,{},{},"{""modulo"": ""esgotamento_sanitario""}",200,sucesso,,66cd24d0abbc81a95da4e41d2b89e287aafcd2c18f1c3ad2b7d7cf9ee011ca67,0.1.0,Produto SINISA 2024 com ano de referência 2023; pacote oficial preservado sem transformação.
sinisa_residuos_solidos_2024_20260731T095645-0300,SINISA/Ministério das Cidades,SINISA,Informações e indicadores — residuos_solidos,https://www.gov.br/cidades/pt-br/acesso-a-informacao/acoes-e-programas/saneamento/sinisa/resultados-sinisa/resultados-sinisa-2025,https://www.gov.br/cidades/pt-br/acesso-a-informacao/acoes-e-programas/saneamento/sinisa/resultados-sinisa/SINISA_RESIDUOS_planilhas_2024.zip,GET,data\raw\saneamento\sinisa\sinisa_residuos_solidos_ref2024_20260731T095645-0300.zip,zip,2024,2024,,2026-07-31T09:56:45.658360-03:00,{},{},"{""modulo"": ""residuos_solidos""}",200,sucesso,,caa7a0fe02219368a26c1c65a718dfe14b5bd06ddc6da95f89b9eddbbadbf4c1,0.1.0,Produto SINISA 2024 com ano de referência 2023; pacote oficial preservado sem transformação.
sinisa_aguas_pluviais_2024_20260731T095645-0300,SINISA/Ministério das Cidades,SINISA,Informações e indicadores — aguas_pluviais,https://www.gov.br/cidades/pt-br/acesso-a-informacao/acoes-e-programas/saneamento/sinisa/resultados-sinisa/resultados-sinisa-2025,https://www.gov.br/cidades/pt-br/acesso-a-informacao/acoes-e-programas/saneamento/sinisa/resultados-sinisa/SINISA_AGUASPLUVIAIS_Informacoes_Indicadores_2025.zip,GET,data\raw\saneamento\sinisa\sinisa_aguas_pluviais_ref2024_20260731T095645-0300.zip,zip,2024,2024,,2026-07-31T09:56:45.658360-03:00,{},{},"{""modulo"": ""aguas_pluviais""}",200,sucesso,,3b9eb2d28e66db7d93a2e1cf7504be13ca70916cbac9cf01305cab87655cc07b,0.1.0,Produto SINISA 2024 com ano de referência 2023; pacote oficial preservado sem transformação.
